Acc_ID,AccName,AccDescription
856145006052,Memory Foam Comfort Insoles Unisex,Memory Foam Insole
96506203205,Memory Plus Men Insole,Memory Foam Insole
41388007083,Odor Eaters Soft & Slim Insoles,Women’s Slim Shoes
555043371,Shoe Refresher Spray,4.0 Oz
563410376,Massaging Gel Advanced Insoles,"Casual shoes, sneakers, work boots/shoes
Size 8-14 Men’s
Size 6-10 Women’s"
563410362,Stylish Step High Heel Relief Insoles,"High Heels 2” and higher
Size 6-10 Women’s"
4015629,Odor-X Fighting Spray Powder,All-Day Odor Protection 4.7 Oz
87021,Sneaker Balls 6 Pack,Deodorizer/Freshener Balls
87001,Sneaker Balls 2 Pack,Deodorizer/Freshener Balls
91821,Shine Sponge,Cleans and Shines Leather
82448,Sneaker Care Kit,Eliminate Odors/Waterproofer/Stain Remover
BL050,Black Shoe Laces 30”,Black 3m Round Reflective Rope Shoe Laces 30”
WHT030,Off White Shoe Laces 45”,Off White Shoe Laces White 45”
GRY780,Grey SCement Speckled Laces 36”,Grey Cement Speckled Flat Laces 36”
BRO345,Heavy Duty Boot Laces Brown 36”,Heavy Duty Round Boot Laces Brown 36”
